pieces,variant,method,tables,total,syzygy,positions,median_ratio,all_verified,pooled_ratio
3,a,const,4,2872,640,202192,2.64375,True,4.4875
3,a,mlp,4,1610,640,202192,3.657692307692308,True,2.515625
3,a,tree,4,114,640,202192,0.2216346153846154,True,0.178125
3,a,xz9e,4,1264,640,202192,1.8308823529411766,True,1.975
3,a,zstd19,4,838,640,202192,0.9,True,1.309375
3,b,const,4,1237,640,202192,1.200735294117647,True,1.9328125
3,b,mlp,4,1608,640,202192,3.7177884615384618,True,2.5125
3,b,tree,4,106,640,202192,0.2120192307692308,True,0.165625
3,b,xz9e,4,728,640,202192,1.4044117647058822,True,1.1375
3,b,zstd19,4,275,640,202192,0.2375,True,0.4296875
