table,pieces,pawnful,variant,n_positions,syzygy_bytes,capture_resolvable,status,method,total_bytes,model_bytes,exception_bytes,n_exceptions,config,bits,verified,ratio,bits_per_pos,syzygy_bits_per_pos
KBvK,3,False,a,52234,80,2787,exhaustive,mlp,441,433,6,0.0,"(4, [])",4.0,True,5.5125,0.0675422138836773,0.012252555806562775
KBvK,3,False,a,52234,80,2787,exhaustive,tree,22,15,6,0.0,1,,True,0.275,0.0033694528468047632,0.012252555806562775
KBvK,3,False,a,52234,80,2787,exhaustive,const,8,1,6,0.0,2,0.0,True,0.1,0.0012252555806562776,0.012252555806562775
KBvK,3,False,a,52234,80,2787,exhaustive,zstd19,19,0,0,,,,True,0.2375,0.002909982004058659,0.012252555806562775
KBvK,3,False,a,52234,80,2787,exhaustive,xz9e,140,0,0,,,,True,1.75,0.021441972661484857,0.012252555806562775
KBvK,3,False,b,52234,80,2787,exhaustive,mlp,441,433,6,0.0,"(4, [])",4.0,True,5.5125,0.0675422138836773,0.012252555806562775
KBvK,3,False,b,52234,80,2787,exhaustive,tree,22,15,6,0.0,1,,True,0.275,0.0033694528468047632,0.012252555806562775
KBvK,3,False,b,52234,80,2787,exhaustive,const,8,1,6,0.0,2,0.0,True,0.1,0.0012252555806562776,0.012252555806562775
KBvK,3,False,b,52234,80,2787,exhaustive,zstd19,19,0,0,,,,True,0.2375,0.002909982004058659,0.012252555806562775
KBvK,3,False,b,52234,80,2787,exhaustive,xz9e,140,0,0,,,,True,1.75,0.021441972661484857,0.012252555806562775
KNvK,3,False,a,53806,80,2787,exhaustive,mlp,445,437,6,0.0,"(4, [])",4.0,True,5.5625,0.06616362487454931,0.011894584247109988
KNvK,3,False,a,53806,80,2787,exhaustive,tree,22,15,6,0.0,1,,True,0.275,0.0032710106679552466,0.011894584247109988
KNvK,3,False,a,53806,80,2787,exhaustive,const,8,1,6,0.0,2,0.0,True,0.1,0.0011894584247109988,0.011894584247109988
KNvK,3,False,a,53806,80,2787,exhaustive,zstd19,19,0,0,,,,True,0.2375,0.002824963758688622,0.011894584247109988
KNvK,3,False,a,53806,80,2787,exhaustive,xz9e,140,0,0,,,,True,1.75,0.020815522432442477,0.011894584247109988
KNvK,3,False,b,53806,80,2787,exhaustive,mlp,443,435,6,0.0,"(4, [])",4.0,True,5.5375,0.06586626026837156,0.011894584247109988
KNvK,3,False,b,53806,80,2787,exhaustive,tree,22,15,6,0.0,1,,True,0.275,0.0032710106679552466,0.011894584247109988
KNvK,3,False,b,53806,80,2787,exhaustive,const,8,1,6,0.0,2,0.0,True,0.1,0.0011894584247109988,0.011894584247109988
KNvK,3,False,b,53806,80,2787,exhaustive,zstd19,19,0,0,,,,True,0.2375,0.002824963758688622,0.011894584247109988
KNvK,3,False,b,53806,80,2787,exhaustive,xz9e,140,0,0,,,,True,1.75,0.020815522432442477,0.011894584247109988
KQvK,3,False,a,46137,272,2787,exhaustive,mlp,349,341,6,0.0,"(4, [])",4.0,True,1.2830882352941178,0.06051542146216703,0.04716388148340811
KQvK,3,False,a,46137,272,2787,exhaustive,tree,35,28,6,0.0,5,,True,0.12867647058823528,0.006068881808526779,0.04716388148340811
KQvK,3,False,a,46137,272,2787,exhaustive,const,1411,1,1409,20977.0,0,0.0,True,5.1875,0.24466263519517958,0.04716388148340811
KQvK,3,False,a,46137,272,2787,exhaustive,zstd19,425,0,0,,,,True,1.5625,0.07369356481782517,0.04716388148340811
KQvK,3,False,a,46137,272,2787,exhaustive,xz9e,520,0,0,,,,True,1.911764705882353,0.09016624401239785,0.04716388148340811
KQvK,3,False,b,46137,272,2787,exhaustive,mlp,324,316,6,0.0,"(4, [])",4.0,True,1.1911764705882353,0.056180505884647895,0.04716388148340811
KQvK,3,False,b,46137,272,2787,exhaustive,tree,31,24,6,0.0,4,,True,0.11397058823529412,0.005375295316123719,0.04716388148340811
KQvK,3,False,b,46137,272,2787,exhaustive,const,626,1,624,18190.0,0,0.0,True,2.301470588235294,0.10854628606107897,0.04716388148340811
KQvK,3,False,b,46137,272,2787,exhaustive,zstd19,191,0,0,,,,True,0.7022058823529411,0.033118755012246134,0.04716388148340811
KQvK,3,False,b,46137,272,2787,exhaustive,xz9e,288,0,0,,,,True,1.0588235294117647,0.04993822745302035,0.04716388148340811
KRvK,3,False,a,50015,208,2787,exhaustive,mlp,375,367,6,0.0,"(4, [])",4.0,True,1.8028846153846154,0.059982005398380486,0.03327001899430171
KRvK,3,False,a,50015,208,2787,exhaustive,tree,35,28,6,0.0,5,,True,0.16826923076923078,0.005598320503848845,0.03327001899430171
KRvK,3,False,a,50015,208,2787,exhaustive,const,1445,1,1443,24755.0,0,0.0,True,6.947115384615385,0.23113066080175948,0.03327001899430171
KRvK,3,False,a,50015,208,2787,exhaustive,zstd19,375,0,0,,,,True,1.8028846153846154,0.059982005398380486,0.03327001899430171
KRvK,3,False,a,50015,208,2787,exhaustive,xz9e,464,0,0,,,,True,2.230769230769231,0.07421773467959612,0.03327001899430171
KRvK,3,False,b,50015,208,2787,exhaustive,mlp,400,392,6,0.0,"(4, [])",4.0,True,1.9230769230769231,0.06398080575827252,0.03327001899430171
KRvK,3,False,b,50015,208,2787,exhaustive,tree,31,24,6,0.0,4,,True,0.14903846153846154,0.00495851244626612,0.03327001899430171
KRvK,3,False,b,50015,208,2787,exhaustive,const,595,1,593,21968.0,0,0.0,True,2.860576923076923,0.09517144856543037,0.03327001899430171
KRvK,3,False,b,50015,208,2787,exhaustive,zstd19,46,0,0,,,,True,0.22115384615384615,0.00735779266220134,0.03327001899430171
KRvK,3,False,b,50015,208,2787,exhaustive,xz9e,160,0,0,,,,True,0.7692307692307693,0.025592322303309007,0.03327001899430171
